[{"province": "Cả nước", "cases": "1,089,614", "deaths": "24,674", "newCases": "12,830"}, {"province": "TP. Hồ Chí Minh", "cases": "487,890", "deaths": "18,748", "newCases": "1,216"}, {"province": "Bình Dương", "cases": "287,297", "deaths": "2,927", "newCases": "375"}, {"province": "Đồng Nai", "cases": "92,284", "deaths": "950", "newCases": "366"}, {"province": "Tây Ninh", "cases": "39,286", "deaths": "417", "newCases": "920"}, {"province": "Long An", "cases": "39,220", "deaths": "755", "newCases": "75"}, {"province": "Đồng Tháp", "cases": "30,304", "deaths": "366", "newCases": "745"}, {"province": "Tiền Giang", "cases": "28,589", "deaths": "674", "newCases": "367"}, {"province": "Cần Thơ", "cases": "28,313", "deaths": "370", "newCases": "669"}, {"province": "An Giang", "cases": "27,028", "deaths": "583", "newCases": "319"}, {"province": "Kiên Giang", "cases": "24,693", "deaths": "354", "newCases": "384"}, {"province": "Sóc Trăng", "cases": "23,364", "deaths": "163", "newCases": "524"}, {"province": "Bà Rịa - Vũng Tàu", "cases": "22,027", "deaths": "83", "newCases": "381"}, {"province": "Bình Thuận", "cases": "21,723", "deaths": "185", "newCases": "256"}, {"province": "Khánh Hòa", "cases": "19,620", "deaths": "117", "newCases": "590"}, {"province": "Bạc Liêu", "cases": "19,566", "deaths": "175", "newCases": "563"}, {"province": "Vĩnh Long", "cases": "18,069", "deaths": "152", "newCases": "584"}, {"province": "Hà Nội", "cases": "17,941", "deaths": "50", "newCases": "980"}, {"province": "Cà Mau", "cases": "16,429", "deaths": "69", "newCases": "675"}, {"province": "Bến Tre", "cases": "15,288", "deaths": "93", "newCases": "722"}, {"province": "Bình Phước", "cases": "14,679", "deaths": "28", "newCases": "0"}, {"province": "Trà Vinh", "cases": "12,086", "deaths": "65", "newCases": "475"}, {"province": "Đắk Lắk", "cases": "9,115", "deaths": "50", "newCases": "315"}, {"province": "Hậu Giang", "cases": "8,750", "deaths": "22", "newCases": "338"}, {"province": "Đà Nẵng", "cases": "8,447", "deaths": "106", "newCases": "442"}, {"province": "Bình Định", "cases": "7,384", "deaths": "30", "newCases": "279"}, {"province": "Bắc Giang", "cases": "7,209", "deaths": "14", "newCases": "9"}, {"province": "Thừa Thiên Huế", "cases": "6,674", "deaths": "12", "newCases": "359"}, {"province": "Bắc Ninh", "cases": "6,526", "deaths": "17", "newCases": "189"}, {"province": "Nghệ An", "cases": "5,654", "deaths": "31", "newCases": "63"}, {"province": "Hà Giang", "cases": "5,506", "deaths": "6", "newCases": "92"}, {"province": "Ninh Thuận", "cases": "4,795", "deaths": "48", "newCases": "94"}, {"province": "Gia Lai", "cases": "4,532", "deaths": "11", "newCases": "2"}, {"province": "Lâm Đồng", "cases": "4,509", "deaths": "17", "newCases": "194"}, {"province": "Phú Yên", "cases": "4,432", "deaths": "42", "newCases": "82"}, {"province": "Thanh Hóa", "cases": "3,985", "deaths": "13", "newCases": "109"}, {"province": "Đắk Nông", "cases": "3,596", "deaths": "10", "newCases": "74"}, {"province": "Quảng Ngãi", "cases": "3,332", "deaths": "19", "newCases": "44"}, {"province": "Quảng Ngãi", "cases": "3,332", "deaths": "19", "newCases": "44"}, {"province": "Quảng Bình", "cases": "3,055", "deaths": "8", "newCases": "36"}, {"province": "Phú Thọ", "cases": "2,309", "deaths": "2", "newCases": "20"}, {"province": "Hải Phòng", "cases": "2,292", "deaths": "2", "newCases": "123"}, {"province": "Hải Dương", "cases": "2,232", "deaths": "1", "newCases": "42"}, {"province": "Nam Định", "cases": "2,082", "deaths": "2", "newCases": "32"}, {"province": "Vĩnh Phúc", "cases": "1,727", "deaths": "3", "newCases": "32"}, {"province": "Thái Bình", "cases": "1,719", "deaths": "0", "newCases": "45"}, {"province": "Hưng Yên", "cases": "1,696", "deaths": "2", "newCases": "92"}, {"province": "Hà Nam", "cases": "1,569", "deaths": "0", "newCases": "10"}, {"province": "Hà Tĩnh", "cases": "1,336", "deaths": "5", "newCases": "15"}, {"province": "Quảng Trị", "cases": "1,245", "deaths": "4", "newCases": "36"}, {"province": "Quảng Ninh", "cases": "1,234", "deaths": "1", "newCases": "25"}, {"province": "Thái Nguyên", "cases": "1,056", "deaths": "0", "newCases": "61"}, {"province": "Tuyên Quang", "cases": "768", "deaths": "0", "newCases": "10"}, {"province": "Hoà Bình", "cases": "739", "deaths": "2", "newCases": "13"}, {"province": "Lạng Sơn", "cases": "696", "deaths": "2", "newCases": "28"}, {"province": "Điện Biên", "cases": "513", "deaths": "0", "newCases": "4"}, {"province": "Kon Tum", "cases": "508", "deaths": "0", "newCases": "0"}, {"province": "Sơn La", "cases": "441", "deaths": "0", "newCases": "21"}, {"province": "Ninh Bình", "cases": "392", "deaths": "0", "newCases": "0"}, {"province": "Yên Bái", "cases": "385", "deaths": "0", "newCases": "18"}, {"province": "Lào Cai", "cases": "279", "deaths": "0", "newCases": "0"}, {"province": "Cao Bằng", "cases": "230", "deaths": "1", "newCases": "12"}, {"province": "Lai Châu", "cases": "41", "deaths": "0", "newCases": "1"}, {"province": "Bắc Kạn", "cases": "35", "deaths": "0", "newCases": "0"}]