[{"province": "Cả nước", "cases": "1,175,385", "deaths": "25,816", "newCases": "13,325"}, {"province": "TP. Hồ Chí Minh", "cases": "493,285", "deaths": "19,042", "newCases": "1,040"}, {"province": "Bình Dương", "cases": "288,808", "deaths": "3,027", "newCases": "209"}, {"province": "Đồng Nai", "cases": "94,230", "deaths": "1,078", "newCases": "338"}, {"province": "Tây Ninh", "cases": "62,748", "deaths": "489", "newCases": "940"}, {"province": "Long An", "cases": "39,590", "deaths": "810", "newCases": "71"}, {"province": "Đồng Tháp", "cases": "34,109", "deaths": "417", "newCases": "804"}, {"province": "Cần Thơ", "cases": "31,848", "deaths": "433", "newCases": "715"}, {"province": "Tiền Giang", "cases": "30,386", "deaths": "746", "newCases": "332"}, {"province": "An Giang", "cases": "28,744", "deaths": "701", "newCases": "313"}, {"province": "Kiên Giang", "cases": "26,209", "deaths": "396", "newCases": "272"}, {"province": "Sóc Trăng", "cases": "25,699", "deaths": "204", "newCases": "520"}, {"province": "Bà Rịa - Vũng Tàu", "cases": "23,412", "deaths": "93", "newCases": "258"}, {"province": "Bình Thuận", "cases": "22,759", "deaths": "219", "newCases": "141"}, {"province": "Khánh Hòa", "cases": "22,599", "deaths": "125", "newCases": "597"}, {"province": "Bạc Liêu", "cases": "21,965", "deaths": "205", "newCases": "569"}, {"province": "Hà Nội", "cases": "21,760", "deaths": "64", "newCases": "535"}, {"province": "Cà Mau", "cases": "21,715", "deaths": "87", "newCases": "1,071"}, {"province": "Vĩnh Long", "cases": "21,035", "deaths": "193", "newCases": "598"}, {"province": "Bến Tre", "cases": "19,769", "deaths": "108", "newCases": "1,246"}, {"province": "Bình Phước", "cases": "18,597", "deaths": "37", "newCases": "817"}, {"province": "Trà Vinh", "cases": "14,292", "deaths": "81", "newCases": "484"}, {"province": "Hậu Giang", "cases": "10,229", "deaths": "24", "newCases": "284"}, {"province": "Đắk Lắk", "cases": "9,579", "deaths": "56", "newCases": "83"}, {"province": "Đà Nẵng", "cases": "9,471", "deaths": "106", "newCases": "194"}, {"province": "Bình Định", "cases": "9,160", "deaths": "36", "newCases": "385"}, {"province": "Thừa Thiên Huế", "cases": "8,135", "deaths": "12", "newCases": "139"}, {"province": "Bắc Ninh", "cases": "7,752", "deaths": "17", "newCases": "255"}, {"province": "Bắc Giang", "cases": "7,297", "deaths": "14", "newCases": "25"}, {"province": "Nghệ An", "cases": "6,232", "deaths": "32", "newCases": "88"}, {"province": "Hà Giang", "cases": "5,728", "deaths": "6", "newCases": "45"}, {"province": "Lâm Đồng", "cases": "5,560", "deaths": "17", "newCases": "255"}, {"province": "Gia Lai", "cases": "5,285", "deaths": "11", "newCases": "109"}, {"province": "Ninh Thuận", "cases": "5,021", "deaths": "49", "newCases": "49"}, {"province": "Phú Yên", "cases": "4,757", "deaths": "43", "newCases": "75"}, {"province": "Thanh Hóa", "cases": "4,574", "deaths": "13", "newCases": "157"}, {"province": "Đắk Nông", "cases": "3,855", "deaths": "10", "newCases": "24"}, {"province": "Quảng Ngãi", "cases": "3,843", "deaths": "20", "newCases": "179"}, {"province": "Quảng Ngãi", "cases": "3,843", "deaths": "20", "newCases": "179"}, {"province": "Hải Phòng", "cases": "3,306", "deaths": "6", "newCases": "330"}, {"province": "Quảng Bình", "cases": "3,170", "deaths": "8", "newCases": "49"}, {"province": "Phú Thọ", "cases": "2,418", "deaths": "2", "newCases": "24"}, {"province": "Hải Dương", "cases": "2,374", "deaths": "1", "newCases": "0"}, {"province": "Nam Định", "cases": "2,221", "deaths": "2", "newCases": "29"}, {"province": "Hưng Yên", "cases": "2,068", "deaths": "2", "newCases": "46"}, {"province": "Thái Bình", "cases": "1,932", "deaths": "0", "newCases": "52"}, {"province": "Vĩnh Phúc", "cases": "1,868", "deaths": "6", "newCases": "21"}, {"province": "Hà Nam", "cases": "1,633", "deaths": "0", "newCases": "19"}, {"province": "Quảng Ninh", "cases": "1,513", "deaths": "1", "newCases": "117"}, {"province": "Hà Tĩnh", "cases": "1,380", "deaths": "5", "newCases": "10"}, {"province": "Quảng Trị", "cases": "1,319", "deaths": "4", "newCases": "31"}, {"province": "Thái Nguyên", "cases": "1,194", "deaths": "0", "newCases": "39"}, {"province": "Lạng Sơn", "cases": "962", "deaths": "2", "newCases": "95"}, {"province": "Hoà Bình", "cases": "878", "deaths": "3", "newCases": "34"}, {"province": "Tuyên Quang", "cases": "820", "deaths": "0", "newCases": "25"}, {"province": "Kon Tum", "cases": "555", "deaths": "0", "newCases": "4"}, {"province": "Sơn La", "cases": "528", "deaths": "0", "newCases": "25"}, {"province": "Điện Biên", "cases": "528", "deaths": "0", "newCases": "2"}, {"province": "Ninh Bình", "cases": "424", "deaths": "0", "newCases": "0"}, {"province": "Yên Bái", "cases": "413", "deaths": "0", "newCases": "4"}, {"province": "Lào Cai", "cases": "310", "deaths": "0", "newCases": "7"}, {"province": "Cao Bằng", "cases": "244", "deaths": "1", "newCases": "0"}, {"province": "Lai Châu", "cases": "45", "deaths": "0", "newCases": "1"}, {"province": "Bắc Kạn", "cases": "38", "deaths": "0", "newCases": "2"}]