[{"province": "Cả nước", "cases": "1,130,867", "deaths": "25,380", "newCases": "13,623"}, {"province": "TP. Hồ Chí Minh", "cases": "491,069", "deaths": "18,935", "newCases": "1,270"}, {"province": "Bình Dương", "cases": "288,324", "deaths": "2,988", "newCases": "371"}, {"province": "Đồng Nai", "cases": "93,413", "deaths": "1,029", "newCases": "464"}, {"province": "Tây Ninh", "cases": "42,082", "deaths": "457", "newCases": "922"}, {"province": "Long An", "cases": "39,454", "deaths": "790", "newCases": "82"}, {"province": "Đồng Tháp", "cases": "32,510", "deaths": "396", "newCases": "732"}, {"province": "Cần Thơ", "cases": "30,405", "deaths": "406", "newCases": "720"}, {"province": "Tiền Giang", "cases": "29,724", "deaths": "716", "newCases": "411"}, {"province": "An Giang", "cases": "28,044", "deaths": "663", "newCases": "294"}, {"province": "Kiên Giang", "cases": "25,670", "deaths": "375", "newCases": "353"}, {"province": "Sóc Trăng", "cases": "24,845", "deaths": "187", "newCases": "579"}, {"province": "Bà Rịa - Vũng Tàu", "cases": "22,894", "deaths": "88", "newCases": "238"}, {"province": "Bình Thuận", "cases": "22,468", "deaths": "206", "newCases": "266"}, {"province": "Khánh Hòa", "cases": "21,404", "deaths": "124", "newCases": "593"}, {"province": "Bạc Liêu", "cases": "20,880", "deaths": "197", "newCases": "505"}, {"province": "Hà Nội", "cases": "20,802", "deaths": "58", "newCases": "1,024"}, {"province": "Vĩnh Long", "cases": "19,840", "deaths": "178", "newCases": "594"}, {"province": "Cà Mau", "cases": "19,305", "deaths": "78", "newCases": "1,072"}, {"province": "Bến Tre", "cases": "17,763", "deaths": "96", "newCases": "1,035"}, {"province": "Bình Phước", "cases": "16,900", "deaths": "33", "newCases": "316"}, {"province": "Trà Vinh", "cases": "13,387", "deaths": "76", "newCases": "360"}, {"province": "Hậu Giang", "cases": "9,632", "deaths": "23", "newCases": "341"}, {"province": "Đắk Lắk", "cases": "9,344", "deaths": "54", "newCases": "51"}, {"province": "Đà Nẵng", "cases": "9,065", "deaths": "106", "newCases": "236"}, {"province": "Bình Định", "cases": "8,437", "deaths": "33", "newCases": "190"}, {"province": "Thừa Thiên Huế", "cases": "7,743", "deaths": "12", "newCases": "329"}, {"province": "Bắc Giang", "cases": "7,253", "deaths": "14", "newCases": "16"}, {"province": "Bắc Ninh", "cases": "7,245", "deaths": "17", "newCases": "300"}, {"province": "Nghệ An", "cases": "6,061", "deaths": "31", "newCases": "113"}, {"province": "Hà Giang", "cases": "5,614", "deaths": "6", "newCases": "53"}, {"province": "Lâm Đồng", "cases": "5,124", "deaths": "17", "newCases": "257"}, {"province": "Gia Lai", "cases": "5,048", "deaths": "11", "newCases": "164"}, {"province": "Ninh Thuận", "cases": "4,972", "deaths": "49", "newCases": "51"}, {"province": "Phú Yên", "cases": "4,682", "deaths": "43", "newCases": "135"}, {"province": "Thanh Hóa", "cases": "4,417", "deaths": "13", "newCases": "129"}, {"province": "Đắk Nông", "cases": "3,831", "deaths": "10", "newCases": "49"}, {"province": "Quảng Ngãi", "cases": "3,664", "deaths": "19", "newCases": "60"}, {"province": "Quảng Ngãi", "cases": "3,664", "deaths": "19", "newCases": "60"}, {"province": "Quảng Bình", "cases": "3,121", "deaths": "8", "newCases": "26"}, {"province": "Hải Phòng", "cases": "2,975", "deaths": "6", "newCases": "116"}, {"province": "Phú Thọ", "cases": "2,394", "deaths": "2", "newCases": "41"}, {"province": "Hải Dương", "cases": "2,374", "deaths": "1", "newCases": "41"}, {"province": "Nam Định", "cases": "2,192", "deaths": "2", "newCases": "36"}, {"province": "Hưng Yên", "cases": "2,022", "deaths": "2", "newCases": "96"}, {"province": "Thái Bình", "cases": "1,880", "deaths": "0", "newCases": "62"}, {"province": "Vĩnh Phúc", "cases": "1,847", "deaths": "6", "newCases": "33"}, {"province": "Hà Nam", "cases": "1,614", "deaths": "0", "newCases": "11"}, {"province": "Quảng Ninh", "cases": "1,396", "deaths": "1", "newCases": "49"}, {"province": "Hà Tĩnh", "cases": "1,368", "deaths": "5", "newCases": "9"}, {"province": "Quảng Trị", "cases": "1,288", "deaths": "4", "newCases": "3"}, {"province": "Thái Nguyên", "cases": "1,155", "deaths": "0", "newCases": "33"}, {"province": "Lạng Sơn", "cases": "867", "deaths": "2", "newCases": "50"}, {"province": "Hoà Bình", "cases": "844", "deaths": "3", "newCases": "52"}, {"province": "Tuyên Quang", "cases": "795", "deaths": "0", "newCases": "12"}, {"province": "Kon Tum", "cases": "551", "deaths": "0", "newCases": "23"}, {"province": "Điện Biên", "cases": "526", "deaths": "0", "newCases": "4"}, {"province": "Sơn La", "cases": "503", "deaths": "0", "newCases": "23"}, {"province": "Ninh Bình", "cases": "424", "deaths": "0", "newCases": "0"}, {"province": "Yên Bái", "cases": "409", "deaths": "0", "newCases": "3"}, {"province": "Lào Cai", "cases": "303", "deaths": "0", "newCases": "7"}, {"province": "Cao Bằng", "cases": "244", "deaths": "1", "newCases": "0"}, {"province": "Lai Châu", "cases": "44", "deaths": "0", "newCases": "1"}, {"province": "Bắc Kạn", "cases": "36", "deaths": "0", "newCases": "1"}]