[{"province": "Cả nước", "cases": "1,189,864", "deaths": "25,989", "newCases": "14,448"}, {"province": "TP. Hồ Chí Minh", "cases": "494,304", "deaths": "19,042", "newCases": "1,019"}, {"province": "Bình Dương", "cases": "288,975", "deaths": "3,042", "newCases": "167"}, {"province": "Đồng Nai", "cases": "94,549", "deaths": "1,102", "newCases": "319"}, {"province": "Tây Ninh", "cases": "63,689", "deaths": "498", "newCases": "941"}, {"province": "Long An", "cases": "39,647", "deaths": "820", "newCases": "57"}, {"province": "Đồng Tháp", "cases": "34,894", "deaths": "429", "newCases": "785"}, {"province": "Cần Thơ", "cases": "32,597", "deaths": "445", "newCases": "749"}, {"province": "Tiền Giang", "cases": "30,650", "deaths": "762", "newCases": "264"}, {"province": "An Giang", "cases": "29,118", "deaths": "725", "newCases": "374"}, {"province": "Kiên Giang", "cases": "26,607", "deaths": "411", "newCases": "398"}, {"province": "Sóc Trăng", "cases": "26,146", "deaths": "215", "newCases": "447"}, {"province": "Bà Rịa - Vũng Tàu", "cases": "23,682", "deaths": "97", "newCases": "270"}, {"province": "Khánh Hòa", "cases": "23,200", "deaths": "132", "newCases": "601"}, {"province": "Bình Thuận", "cases": "23,087", "deaths": "226", "newCases": "328"}, {"province": "Cà Mau", "cases": "23,056", "deaths": "94", "newCases": "1,341"}, {"province": "Hà Nội", "cases": "23,004", "deaths": "64", "newCases": "1,244"}, {"province": "Bạc Liêu", "cases": "22,440", "deaths": "208", "newCases": "475"}, {"province": "Vĩnh Long", "cases": "21,630", "deaths": "202", "newCases": "595"}, {"province": "Bến Tre", "cases": "20,595", "deaths": "108", "newCases": "826"}, {"province": "Bình Phước", "cases": "19,312", "deaths": "37", "newCases": "715"}, {"province": "Trà Vinh", "cases": "14,746", "deaths": "81", "newCases": "454"}, {"province": "Hậu Giang", "cases": "10,569", "deaths": "24", "newCases": "340"}, {"province": "Đà Nẵng", "cases": "9,664", "deaths": "106", "newCases": "193"}, {"province": "Đắk Lắk", "cases": "9,579", "deaths": "56", "newCases": "0"}, {"province": "Bình Định", "cases": "9,439", "deaths": "36", "newCases": "279"}, {"province": "Thừa Thiên Huế", "cases": "8,496", "deaths": "12", "newCases": "361"}, {"province": "Bắc Ninh", "cases": "8,001", "deaths": "17", "newCases": "249"}, {"province": "Bắc Giang", "cases": "7,320", "deaths": "14", "newCases": "23"}, {"province": "Nghệ An", "cases": "6,331", "deaths": "32", "newCases": "99"}, {"province": "Hà Giang", "cases": "5,787", "deaths": "6", "newCases": "59"}, {"province": "Lâm Đồng", "cases": "5,785", "deaths": "17", "newCases": "225"}, {"province": "Gia Lai", "cases": "5,404", "deaths": "12", "newCases": "119"}, {"province": "Ninh Thuận", "cases": "5,061", "deaths": "49", "newCases": "40"}, {"province": "Phú Yên", "cases": "4,851", "deaths": "43", "newCases": "94"}, {"province": "Thanh Hóa", "cases": "4,766", "deaths": "13", "newCases": "192"}, {"province": "Quảng Ngãi", "cases": "3,964", "deaths": "21", "newCases": "121"}, {"province": "Quảng Ngãi", "cases": "3,964", "deaths": "21", "newCases": "121"}, {"province": "Đắk Nông", "cases": "3,927", "deaths": "10", "newCases": "72"}, {"province": "Hải Phòng", "cases": "3,514", "deaths": "6", "newCases": "208"}, {"province": "Quảng Bình", "cases": "3,217", "deaths": "8", "newCases": "47"}, {"province": "Phú Thọ", "cases": "2,454", "deaths": "2", "newCases": "36"}, {"province": "Hải Dương", "cases": "2,417", "deaths": "1", "newCases": "43"}, {"province": "Nam Định", "cases": "2,288", "deaths": "2", "newCases": "67"}, {"province": "Hưng Yên", "cases": "2,131", "deaths": "2", "newCases": "63"}, {"province": "Thái Bình", "cases": "2,002", "deaths": "0", "newCases": "70"}, {"province": "Vĩnh Phúc", "cases": "1,954", "deaths": "6", "newCases": "86"}, {"province": "Hà Nam", "cases": "1,657", "deaths": "0", "newCases": "24"}, {"province": "Quảng Ninh", "cases": "1,576", "deaths": "1", "newCases": "63"}, {"province": "Hà Tĩnh", "cases": "1,385", "deaths": "5", "newCases": "5"}, {"province": "Quảng Trị", "cases": "1,353", "deaths": "4", "newCases": "34"}, {"province": "Thái Nguyên", "cases": "1,223", "deaths": "1", "newCases": "28"}, {"province": "Lạng Sơn", "cases": "962", "deaths": "3", "newCases": "0"}, {"province": "Hoà Bình", "cases": "935", "deaths": "3", "newCases": "57"}, {"province": "Tuyên Quang", "cases": "836", "deaths": "0", "newCases": "16"}, {"province": "Kon Tum", "cases": "575", "deaths": "0", "newCases": "20"}, {"province": "Sơn La", "cases": "572", "deaths": "0", "newCases": "44"}, {"province": "Điện Biên", "cases": "530", "deaths": "0", "newCases": "2"}, {"province": "Ninh Bình", "cases": "469", "deaths": "0", "newCases": "25"}, {"province": "Yên Bái", "cases": "429", "deaths": "0", "newCases": "5"}, {"province": "Lào Cai", "cases": "323", "deaths": "0", "newCases": "13"}, {"province": "Cao Bằng", "cases": "248", "deaths": "1", "newCases": "4"}, {"province": "Lai Châu", "cases": "47", "deaths": "0", "newCases": "2"}, {"province": "Bắc Kạn", "cases": "38", "deaths": "0", "newCases": "0"}]