[{"province": "Cả nước", "cases": "1,204,429", "deaths": "26,181", "newCases": "14,550"}, {"province": "TP. Hồ Chí Minh", "cases": "495,318", "deaths": "19,094", "newCases": "1,014"}, {"province": "Bình Dương", "cases": "289,220", "deaths": "3,062", "newCases": "245"}, {"province": "Đồng Nai", "cases": "94,966", "deaths": "1,125", "newCases": "417"}, {"province": "Tây Ninh", "cases": "64,632", "deaths": "508", "newCases": "941"}, {"province": "Long An", "cases": "39,716", "deaths": "822", "newCases": "69"}, {"province": "Đồng Tháp", "cases": "35,674", "deaths": "440", "newCases": "780"}, {"province": "Cần Thơ", "cases": "33,390", "deaths": "457", "newCases": "793"}, {"province": "Tiền Giang", "cases": "30,927", "deaths": "776", "newCases": "277"}, {"province": "An Giang", "cases": "29,462", "deaths": "741", "newCases": "344"}, {"province": "Kiên Giang", "cases": "26,919", "deaths": "411", "newCases": "312"}, {"province": "Sóc Trăng", "cases": "26,571", "deaths": "227", "newCases": "425"}, {"province": "Hà Nội", "cases": "24,409", "deaths": "67", "newCases": "1,405"}, {"province": "Cà Mau", "cases": "24,401", "deaths": "94", "newCases": "1,345"}, {"province": "Bà Rịa - Vũng Tàu", "cases": "23,903", "deaths": "102", "newCases": "221"}, {"province": "Khánh Hòa", "cases": "23,799", "deaths": "135", "newCases": "599"}, {"province": "Bình Thuận", "cases": "23,222", "deaths": "233", "newCases": "135"}, {"province": "Bạc Liêu", "cases": "22,977", "deaths": "211", "newCases": "537"}, {"province": "Vĩnh Long", "cases": "22,223", "deaths": "208", "newCases": "593"}, {"province": "Bến Tre", "cases": "21,433", "deaths": "111", "newCases": "838"}, {"province": "Bình Phước", "cases": "19,871", "deaths": "43", "newCases": "559"}, {"province": "Trà Vinh", "cases": "15,239", "deaths": "86", "newCases": "493"}, {"province": "Hậu Giang", "cases": "10,572", "deaths": "25", "newCases": "3"}, {"province": "Bình Định", "cases": "9,873", "deaths": "36", "newCases": "434"}, {"province": "Đắk Lắk", "cases": "9,818", "deaths": "56", "newCases": "239"}, {"province": "Đà Nẵng", "cases": "9,807", "deaths": "106", "newCases": "143"}, {"province": "Thừa Thiên Huế", "cases": "8,858", "deaths": "12", "newCases": "362"}, {"province": "Bắc Ninh", "cases": "8,220", "deaths": "17", "newCases": "219"}, {"province": "Bắc Giang", "cases": "7,361", "deaths": "14", "newCases": "41"}, {"province": "Nghệ An", "cases": "6,455", "deaths": "32", "newCases": "124"}, {"province": "Lâm Đồng", "cases": "6,030", "deaths": "17", "newCases": "245"}, {"province": "Hà Giang", "cases": "5,854", "deaths": "6", "newCases": "67"}, {"province": "Gia Lai", "cases": "5,512", "deaths": "12", "newCases": "108"}, {"province": "Ninh Thuận", "cases": "5,112", "deaths": "49", "newCases": "51"}, {"province": "Thanh Hóa", "cases": "4,952", "deaths": "13", "newCases": "186"}, {"province": "Phú Yên", "cases": "4,947", "deaths": "43", "newCases": "96"}, {"province": "Quảng Ngãi", "cases": "4,101", "deaths": "22", "newCases": "137"}, {"province": "Quảng Ngãi", "cases": "4,101", "deaths": "22", "newCases": "137"}, {"province": "Đắk Nông", "cases": "3,978", "deaths": "10", "newCases": "51"}, {"province": "Hải Phòng", "cases": "3,931", "deaths": "6", "newCases": "417"}, {"province": "Quảng Bình", "cases": "3,254", "deaths": "8", "newCases": "37"}, {"province": "Phú Thọ", "cases": "2,480", "deaths": "2", "newCases": "26"}, {"province": "Hải Dương", "cases": "2,476", "deaths": "1", "newCases": "59"}, {"province": "Nam Định", "cases": "2,355", "deaths": "2", "newCases": "67"}, {"province": "Hưng Yên", "cases": "2,211", "deaths": "2", "newCases": "80"}, {"province": "Thái Bình", "cases": "2,046", "deaths": "0", "newCases": "44"}, {"province": "Vĩnh Phúc", "cases": "2,021", "deaths": "6", "newCases": "67"}, {"province": "Quảng Ninh", "cases": "1,715", "deaths": "1", "newCases": "139"}, {"province": "Hà Nam", "cases": "1,679", "deaths": "0", "newCases": "22"}, {"province": "Hà Tĩnh", "cases": "1,431", "deaths": "5", "newCases": "37"}, {"province": "Quảng Trị", "cases": "1,374", "deaths": "4", "newCases": "18"}, {"province": "Thái Nguyên", "cases": "1,254", "deaths": "1", "newCases": "31"}, {"province": "Lạng Sơn", "cases": "1,016", "deaths": "3", "newCases": "54"}, {"province": "Hoà Bình", "cases": "942", "deaths": "3", "newCases": "7"}, {"province": "Tuyên Quang", "cases": "852", "deaths": "0", "newCases": "16"}, {"province": "Sơn La", "cases": "589", "deaths": "0", "newCases": "17"}, {"province": "Kon Tum", "cases": "575", "deaths": "0", "newCases": "0"}, {"province": "Điện Biên", "cases": "536", "deaths": "0", "newCases": "5"}, {"province": "Ninh Bình", "cases": "469", "deaths": "0", "newCases": "0"}, {"province": "Yên Bái", "cases": "443", "deaths": "0", "newCases": "14"}, {"province": "Lào Cai", "cases": "334", "deaths": "0", "newCases": "11"}, {"province": "Cao Bằng", "cases": "255", "deaths": "1", "newCases": "7"}, {"province": "Lai Châu", "cases": "48", "deaths": "0", "newCases": "1"}, {"province": "Bắc Kạn", "cases": "38", "deaths": "0", "newCases": "0"}]