[{"province": "Cả nước", "cases": "1,022,351", "deaths": "23,642", "newCases": "12,414"}, {"province": "TP. Hồ Chí Minh", "cases": "481,070", "deaths": "18,428", "newCases": "965"}, {"province": "Bình Dương", "cases": "285,179", "deaths": "2,840", "newCases": "645"}, {"province": "Đồng Nai", "cases": "90,132", "deaths": "846", "newCases": "272"}, {"province": "Long An", "cases": "38,863", "deaths": "709", "newCases": "83"}, {"province": "Tây Ninh", "cases": "34,791", "deaths": "352", "newCases": "869"}, {"province": "Đồng Tháp", "cases": "26,610", "deaths": "321", "newCases": "697"}, {"province": "Tiền Giang", "cases": "26,426", "deaths": "605", "newCases": "340"}, {"province": "An Giang", "cases": "25,407", "deaths": "489", "newCases": "325"}, {"province": "Cần Thơ", "cases": "24,934", "deaths": "319", "newCases": "898"}, {"province": "Kiên Giang", "cases": "22,917", "deaths": "306", "newCases": "229"}, {"province": "Bình Thuận", "cases": "20,420", "deaths": "162", "newCases": "170"}, {"province": "Sóc Trăng", "cases": "19,759", "deaths": "131", "newCases": "746"}, {"province": "Bà Rịa - Vũng Tàu", "cases": "19,649", "deaths": "72", "newCases": "491"}, {"province": "Bạc Liêu", "cases": "17,063", "deaths": "155", "newCases": "434"}, {"province": "Khánh Hòa", "cases": "16,666", "deaths": "112", "newCases": "486"}, {"province": "Vĩnh Long", "cases": "15,260", "deaths": "116", "newCases": "529"}, {"province": "Hà Nội", "cases": "14,557", "deaths": "47", "newCases": "737"}, {"province": "Cà Mau", "cases": "12,979", "deaths": "58", "newCases": "615"}, {"province": "Bến Tre", "cases": "11,841", "deaths": "76", "newCases": "441"}, {"province": "Bình Phước", "cases": "11,558", "deaths": "24", "newCases": "640"}, {"province": "Trà Vinh", "cases": "10,065", "deaths": "52", "newCases": "254"}, {"province": "Đắk Lắk", "cases": "8,483", "deaths": "44", "newCases": "131"}, {"province": "Đà Nẵng", "cases": "7,272", "deaths": "106", "newCases": "141"}, {"province": "Hậu Giang", "cases": "7,207", "deaths": "18", "newCases": "293"}, {"province": "Bắc Giang", "cases": "7,134", "deaths": "14", "newCases": "19"}, {"province": "Bình Định", "cases": "6,008", "deaths": "26", "newCases": "281"}, {"province": "Bắc Ninh", "cases": "5,651", "deaths": "16", "newCases": "190"}, {"province": "Thừa Thiên Huế", "cases": "5,580", "deaths": "12", "newCases": "306"}, {"province": "Hà Giang", "cases": "5,064", "deaths": "6", "newCases": "86"}, {"province": "Nghệ An", "cases": "5,039", "deaths": "29", "newCases": "179"}, {"province": "Ninh Thuận", "cases": "4,314", "deaths": "46", "newCases": "84"}, {"province": "Phú Yên", "cases": "4,058", "deaths": "40", "newCases": "63"}, {"province": "Gia Lai", "cases": "3,964", "deaths": "10", "newCases": "178"}, {"province": "Lâm Đồng", "cases": "3,540", "deaths": "11", "newCases": "100"}, {"province": "Đắk Nông", "cases": "3,235", "deaths": "10", "newCases": "137"}, {"province": "Thanh Hóa", "cases": "3,167", "deaths": "12", "newCases": "97"}, {"province": "Quảng Ngãi", "cases": "3,145", "deaths": "19", "newCases": "40"}, {"province": "Quảng Ngãi", "cases": "3,145", "deaths": "19", "newCases": "40"}, {"province": "Quảng Bình", "cases": "2,788", "deaths": "8", "newCases": "28"}, {"province": "Phú Thọ", "cases": "2,199", "deaths": "2", "newCases": "32"}, {"province": "Hải Dương", "cases": "2,011", "deaths": "1", "newCases": "32"}, {"province": "Nam Định", "cases": "1,882", "deaths": "2", "newCases": "31"}, {"province": "Hà Nam", "cases": "1,532", "deaths": "0", "newCases": "9"}, {"province": "Thái Bình", "cases": "1,501", "deaths": "0", "newCases": "18"}, {"province": "Vĩnh Phúc", "cases": "1,499", "deaths": "3", "newCases": "51"}, {"province": "Hải Phòng", "cases": "1,454", "deaths": "0", "newCases": "156"}, {"province": "Hà Tĩnh", "cases": "1,270", "deaths": "5", "newCases": "9"}, {"province": "Hưng Yên", "cases": "1,232", "deaths": "2", "newCases": "42"}, {"province": "Quảng Trị", "cases": "1,159", "deaths": "4", "newCases": "25"}, {"province": "Quảng Ninh", "cases": "1,028", "deaths": "1", "newCases": "37"}, {"province": "Thái Nguyên", "cases": "831", "deaths": "0", "newCases": "17"}, {"province": "Tuyên Quang", "cases": "725", "deaths": "0", "newCases": "4"}, {"province": "Hoà Bình", "cases": "629", "deaths": "1", "newCases": "33"}, {"province": "Lạng Sơn", "cases": "564", "deaths": "2", "newCases": "0"}, {"province": "Điện Biên", "cases": "488", "deaths": "0", "newCases": "0"}, {"province": "Kon Tum", "cases": "478", "deaths": "0", "newCases": "32"}, {"province": "Sơn La", "cases": "387", "deaths": "0", "newCases": "2"}, {"province": "Ninh Bình", "cases": "360", "deaths": "0", "newCases": "0"}, {"province": "Yên Bái", "cases": "269", "deaths": "0", "newCases": "25"}, {"province": "Lào Cai", "cases": "231", "deaths": "0", "newCases": "1"}, {"province": "Cao Bằng", "cases": "203", "deaths": "1", "newCases": "5"}, {"province": "Lai Châu", "cases": "39", "deaths": "0", "newCases": "0"}, {"province": "Bắc Kạn", "cases": "31", "deaths": "0", "newCases": "2"}]