[{"province": "Cả nước", "cases": "1,232,410", "deaths": "26,600", "newCases": "15,074"}, {"province": "TP. Hồ Chí Minh", "cases": "496,818", "deaths": "19,190", "newCases": "813"}, {"province": "Bình Dương", "cases": "289,509", "deaths": "3,093", "newCases": "134"}, {"province": "Đồng Nai", "cases": "95,534", "deaths": "1,178", "newCases": "284"}, {"province": "Tây Ninh", "cases": "66,523", "deaths": "542", "newCases": "939"}, {"province": "Long An", "cases": "39,813", "deaths": "838", "newCases": "51"}, {"province": "Đồng Tháp", "cases": "37,248", "deaths": "459", "newCases": "788"}, {"province": "Cần Thơ", "cases": "34,960", "deaths": "477", "newCases": "797"}, {"province": "Tiền Giang", "cases": "31,664", "deaths": "802", "newCases": "390"}, {"province": "An Giang", "cases": "29,982", "deaths": "763", "newCases": "250"}, {"province": "Hà Nội", "cases": "27,725", "deaths": "75", "newCases": "1,704"}, {"province": "Kiên Giang", "cases": "27,497", "deaths": "424", "newCases": "276"}, {"province": "Sóc Trăng", "cases": "27,368", "deaths": "248", "newCases": "349"}, {"province": "Cà Mau", "cases": "26,958", "deaths": "102", "newCases": "1,590"}, {"province": "Khánh Hòa", "cases": "25,306", "deaths": "143", "newCases": "798"}, {"province": "Bà Rịa - Vũng Tàu", "cases": "24,554", "deaths": "111", "newCases": "378"}, {"province": "Bạc Liêu", "cases": "24,036", "deaths": "218", "newCases": "507"}, {"province": "Bình Thuận", "cases": "23,692", "deaths": "246", "newCases": "248"}, {"province": "Vĩnh Long", "cases": "23,418", "deaths": "227", "newCases": "599"}, {"province": "Bến Tre", "cases": "23,024", "deaths": "129", "newCases": "606"}, {"province": "Bình Phước", "cases": "20,001", "deaths": "46", "newCases": "52"}, {"province": "Trà Vinh", "cases": "16,053", "deaths": "91", "newCases": "485"}, {"province": "Hậu Giang", "cases": "10,840", "deaths": "27", "newCases": "325"}, {"province": "Bình Định", "cases": "10,713", "deaths": "38", "newCases": "429"}, {"province": "Đà Nẵng", "cases": "10,118", "deaths": "107", "newCases": "169"}, {"province": "Đắk Lắk", "cases": "9,957", "deaths": "59", "newCases": "139"}, {"province": "Thừa Thiên Huế", "cases": "9,456", "deaths": "12", "newCases": "370"}, {"province": "Bắc Ninh", "cases": "8,634", "deaths": "17", "newCases": "202"}, {"province": "Bắc Giang", "cases": "7,408", "deaths": "14", "newCases": "26"}, {"province": "Nghệ An", "cases": "6,724", "deaths": "33", "newCases": "153"}, {"province": "Lâm Đồng", "cases": "6,458", "deaths": "21", "newCases": "254"}, {"province": "Hà Giang", "cases": "6,030", "deaths": "6", "newCases": "91"}, {"province": "Gia Lai", "cases": "5,618", "deaths": "14", "newCases": "9"}, {"province": "Thanh Hóa", "cases": "5,560", "deaths": "13", "newCases": "364"}, {"province": "Phú Yên", "cases": "5,239", "deaths": "44", "newCases": "55"}, {"province": "Ninh Thuận", "cases": "5,211", "deaths": "50", "newCases": "49"}, {"province": "Quảng Ngãi", "cases": "4,377", "deaths": "23", "newCases": "245"}, {"province": "Quảng Ngãi", "cases": "4,377", "deaths": "23", "newCases": "245"}, {"province": "Hải Phòng", "cases": "4,261", "deaths": "6", "newCases": "235"}, {"province": "Đắk Nông", "cases": "4,149", "deaths": "12", "newCases": "108"}, {"province": "Quảng Bình", "cases": "3,308", "deaths": "8", "newCases": "24"}, {"province": "Hưng Yên", "cases": "2,746", "deaths": "2", "newCases": "259"}, {"province": "Hải Dương", "cases": "2,548", "deaths": "1", "newCases": "41"}, {"province": "Phú Thọ", "cases": "2,541", "deaths": "2", "newCases": "45"}, {"province": "Nam Định", "cases": "2,467", "deaths": "2", "newCases": "67"}, {"province": "Vĩnh Phúc", "cases": "2,146", "deaths": "6", "newCases": "80"}, {"province": "Thái Bình", "cases": "2,131", "deaths": "0", "newCases": "39"}, {"province": "Quảng Ninh", "cases": "1,942", "deaths": "1", "newCases": "91"}, {"province": "Hà Nam", "cases": "1,726", "deaths": "0", "newCases": "26"}, {"province": "Hà Tĩnh", "cases": "1,469", "deaths": "5", "newCases": "14"}, {"province": "Quảng Trị", "cases": "1,437", "deaths": "4", "newCases": "37"}, {"province": "Thái Nguyên", "cases": "1,287", "deaths": "1", "newCases": "23"}, {"province": "Lạng Sơn", "cases": "1,130", "deaths": "3", "newCases": "62"}, {"province": "Hoà Bình", "cases": "1,003", "deaths": "3", "newCases": "32"}, {"province": "Tuyên Quang", "cases": "869", "deaths": "0", "newCases": "8"}, {"province": "Sơn La", "cases": "647", "deaths": "0", "newCases": "24"}, {"province": "Kon Tum", "cases": "601", "deaths": "0", "newCases": "14"}, {"province": "Điện Biên", "cases": "541", "deaths": "0", "newCases": "2"}, {"province": "Ninh Bình", "cases": "525", "deaths": "0", "newCases": "17"}, {"province": "Yên Bái", "cases": "465", "deaths": "0", "newCases": "12"}, {"province": "Lào Cai", "cases": "345", "deaths": "0", "newCases": "8"}, {"province": "Cao Bằng", "cases": "266", "deaths": "1", "newCases": "8"}, {"province": "Lai Châu", "cases": "51", "deaths": "0", "newCases": "2"}, {"province": "Bắc Kạn", "cases": "38", "deaths": "0", "newCases": "0"}]