[{"province": "Cả nước", "cases": "1,035,303", "deaths": "23,854", "newCases": "12,949"}, {"province": "TP. Hồ Chí Minh", "cases": "482,545", "deaths": "18,494", "newCases": "1,475"}, {"province": "Bình Dương", "cases": "285,634", "deaths": "2,857", "newCases": "455"}, {"province": "Đồng Nai", "cases": "90,593", "deaths": "866", "newCases": "461"}, {"province": "Long An", "cases": "38,940", "deaths": "723", "newCases": "77"}, {"province": "Tây Ninh", "cases": "35,666", "deaths": "363", "newCases": "874"}, {"province": "Đồng Tháp", "cases": "27,335", "deaths": "321", "newCases": "725"}, {"province": "Tiền Giang", "cases": "26,733", "deaths": "620", "newCases": "307"}, {"province": "An Giang", "cases": "25,686", "deaths": "514", "newCases": "279"}, {"province": "Cần Thơ", "cases": "25,610", "deaths": "329", "newCases": "676"}, {"province": "Kiên Giang", "cases": "23,339", "deaths": "318", "newCases": "422"}, {"province": "Bình Thuận", "cases": "20,682", "deaths": "164", "newCases": "262"}, {"province": "Sóc Trăng", "cases": "20,540", "deaths": "135", "newCases": "781"}, {"province": "Bà Rịa - Vũng Tàu", "cases": "20,188", "deaths": "74", "newCases": "539"}, {"province": "Bạc Liêu", "cases": "17,501", "deaths": "155", "newCases": "438"}, {"province": "Khánh Hòa", "cases": "17,155", "deaths": "114", "newCases": "489"}, {"province": "Vĩnh Long", "cases": "15,785", "deaths": "129", "newCases": "525"}, {"province": "Hà Nội", "cases": "14,953", "deaths": "48", "newCases": "396"}, {"province": "Cà Mau", "cases": "13,490", "deaths": "61", "newCases": "511"}, {"province": "Bến Tre", "cases": "12,581", "deaths": "77", "newCases": "740"}, {"province": "Bình Phước", "cases": "12,305", "deaths": "26", "newCases": "747"}, {"province": "Trà Vinh", "cases": "10,508", "deaths": "55", "newCases": "443"}, {"province": "Đắk Lắk", "cases": "8,483", "deaths": "45", "newCases": "0"}, {"province": "Hậu Giang", "cases": "7,455", "deaths": "18", "newCases": "248"}, {"province": "Đà Nẵng", "cases": "7,441", "deaths": "106", "newCases": "169"}, {"province": "Bắc Giang", "cases": "7,159", "deaths": "14", "newCases": "25"}, {"province": "Bình Định", "cases": "6,242", "deaths": "26", "newCases": "234"}, {"province": "Bắc Ninh", "cases": "5,824", "deaths": "16", "newCases": "173"}, {"province": "Thừa Thiên Huế", "cases": "5,743", "deaths": "12", "newCases": "163"}, {"province": "Nghệ An", "cases": "5,236", "deaths": "30", "newCases": "197"}, {"province": "Hà Giang", "cases": "5,173", "deaths": "6", "newCases": "109"}, {"province": "Ninh Thuận", "cases": "4,401", "deaths": "46", "newCases": "87"}, {"province": "Phú Yên", "cases": "4,125", "deaths": "40", "newCases": "67"}, {"province": "Gia Lai", "cases": "4,099", "deaths": "10", "newCases": "135"}, {"province": "Lâm Đồng", "cases": "3,721", "deaths": "14", "newCases": "181"}, {"province": "Thanh Hóa", "cases": "3,386", "deaths": "12", "newCases": "219"}, {"province": "Đắk Nông", "cases": "3,335", "deaths": "10", "newCases": "100"}, {"province": "Quảng Ngãi", "cases": "3,189", "deaths": "19", "newCases": "44"}, {"province": "Quảng Ngãi", "cases": "3,189", "deaths": "19", "newCases": "44"}, {"province": "Quảng Bình", "cases": "2,817", "deaths": "8", "newCases": "29"}, {"province": "Phú Thọ", "cases": "2,233", "deaths": "2", "newCases": "34"}, {"province": "Hải Dương", "cases": "2,055", "deaths": "1", "newCases": "44"}, {"province": "Nam Định", "cases": "1,942", "deaths": "2", "newCases": "60"}, {"province": "Hải Phòng", "cases": "1,719", "deaths": "1", "newCases": "265"}, {"province": "Hà Nam", "cases": "1,537", "deaths": "0", "newCases": "5"}, {"province": "Vĩnh Phúc", "cases": "1,536", "deaths": "3", "newCases": "37"}, {"province": "Thái Bình", "cases": "1,534", "deaths": "0", "newCases": "33"}, {"province": "Hưng Yên", "cases": "1,306", "deaths": "2", "newCases": "72"}, {"province": "Hà Tĩnh", "cases": "1,270", "deaths": "5", "newCases": "0"}, {"province": "Quảng Trị", "cases": "1,173", "deaths": "4", "newCases": "14"}, {"province": "Quảng Ninh", "cases": "1,084", "deaths": "1", "newCases": "56"}, {"province": "Thái Nguyên", "cases": "875", "deaths": "0", "newCases": "44"}, {"province": "Tuyên Quang", "cases": "739", "deaths": "0", "newCases": "14"}, {"province": "Hoà Bình", "cases": "639", "deaths": "2", "newCases": "10"}, {"province": "Lạng Sơn", "cases": "564", "deaths": "2", "newCases": "0"}, {"province": "Điện Biên", "cases": "490", "deaths": "0", "newCases": "2"}, {"province": "Kon Tum", "cases": "478", "deaths": "0", "newCases": "0"}, {"province": "Sơn La", "cases": "396", "deaths": "0", "newCases": "9"}, {"province": "Ninh Bình", "cases": "360", "deaths": "0", "newCases": "0"}, {"province": "Yên Bái", "cases": "285", "deaths": "0", "newCases": "16"}, {"province": "Lào Cai", "cases": "238", "deaths": "0", "newCases": "7"}, {"province": "Cao Bằng", "cases": "206", "deaths": "1", "newCases": "3"}, {"province": "Lai Châu", "cases": "40", "deaths": "0", "newCases": "1"}, {"province": "Bắc Kạn", "cases": "32", "deaths": "0", "newCases": "1"}]