[{"province": "Cả nước", "cases": "1,163,344", "deaths": "25,607", "newCases": "13,682"}, {"province": "TP. Hồ Chí Minh", "cases": "492,244", "deaths": "18,993", "newCases": "1,175"}, {"province": "Bình Dương", "cases": "288,599", "deaths": "3,002", "newCases": "275"}, {"province": "Đồng Nai", "cases": "93,892", "deaths": "1,056", "newCases": "479"}, {"province": "Tây Ninh", "cases": "61,806", "deaths": "477", "newCases": "932"}, {"province": "Long An", "cases": "39,519", "deaths": "798", "newCases": "65"}, {"province": "Đồng Tháp", "cases": "33,305", "deaths": "406", "newCases": "795"}, {"province": "Cần Thơ", "cases": "31,133", "deaths": "418", "newCases": "728"}, {"province": "Tiền Giang", "cases": "30,054", "deaths": "733", "newCases": "330"}, {"province": "An Giang", "cases": "28,431", "deaths": "683", "newCases": "387"}, {"province": "Kiên Giang", "cases": "25,937", "deaths": "385", "newCases": "267"}, {"province": "Sóc Trăng", "cases": "25,179", "deaths": "196", "newCases": "334"}, {"province": "Bà Rịa - Vũng Tàu", "cases": "23,154", "deaths": "90", "newCases": "260"}, {"province": "Bình Thuận", "cases": "22,618", "deaths": "213", "newCases": "150"}, {"province": "Khánh Hòa", "cases": "22,002", "deaths": "125", "newCases": "598"}, {"province": "Bạc Liêu", "cases": "21,396", "deaths": "201", "newCases": "516"}, {"province": "Hà Nội", "cases": "21,225", "deaths": "60", "newCases": "423"}, {"province": "Cà Mau", "cases": "20,644", "deaths": "81", "newCases": "1,339"}, {"province": "Vĩnh Long", "cases": "20,437", "deaths": "184", "newCases": "597"}, {"province": "Bến Tre", "cases": "18,523", "deaths": "96", "newCases": "760"}, {"province": "Bình Phước", "cases": "17,780", "deaths": "36", "newCases": "880"}, {"province": "Trà Vinh", "cases": "13,808", "deaths": "80", "newCases": "421"}, {"province": "Hậu Giang", "cases": "9,945", "deaths": "23", "newCases": "313"}, {"province": "Đắk Lắk", "cases": "9,496", "deaths": "54", "newCases": "152"}, {"province": "Đà Nẵng", "cases": "9,277", "deaths": "106", "newCases": "212"}, {"province": "Bình Định", "cases": "8,775", "deaths": "36", "newCases": "338"}, {"province": "Thừa Thiên Huế", "cases": "7,996", "deaths": "12", "newCases": "253"}, {"province": "Bắc Ninh", "cases": "7,497", "deaths": "17", "newCases": "252"}, {"province": "Bắc Giang", "cases": "7,272", "deaths": "14", "newCases": "19"}, {"province": "Nghệ An", "cases": "6,144", "deaths": "31", "newCases": "83"}, {"province": "Hà Giang", "cases": "5,683", "deaths": "6", "newCases": "69"}, {"province": "Lâm Đồng", "cases": "5,305", "deaths": "17", "newCases": "181"}, {"province": "Gia Lai", "cases": "5,176", "deaths": "11", "newCases": "128"}, {"province": "Ninh Thuận", "cases": "5,021", "deaths": "49", "newCases": "49"}, {"province": "Phú Yên", "cases": "4,757", "deaths": "43", "newCases": "75"}, {"province": "Thanh Hóa", "cases": "4,574", "deaths": "13", "newCases": "157"}, {"province": "Đắk Nông", "cases": "3,855", "deaths": "10", "newCases": "24"}, {"province": "Quảng Ngãi", "cases": "3,843", "deaths": "20", "newCases": "179"}, {"province": "Quảng Ngãi", "cases": "3,843", "deaths": "20", "newCases": "179"}, {"province": "Hải Phòng", "cases": "3,306", "deaths": "6", "newCases": "330"}, {"province": "Quảng Bình", "cases": "3,170", "deaths": "8", "newCases": "49"}, {"province": "Phú Thọ", "cases": "2,418", "deaths": "2", "newCases": "24"}, {"province": "Hải Dương", "cases": "2,374", "deaths": "1", "newCases": "0"}, {"province": "Nam Định", "cases": "2,221", "deaths": "2", "newCases": "29"}, {"province": "Hưng Yên", "cases": "2,068", "deaths": "2", "newCases": "46"}, {"province": "Thái Bình", "cases": "1,932", "deaths": "0", "newCases": "52"}, {"province": "Vĩnh Phúc", "cases": "1,868", "deaths": "6", "newCases": "21"}, {"province": "Hà Nam", "cases": "1,633", "deaths": "0", "newCases": "19"}, {"province": "Quảng Ninh", "cases": "1,513", "deaths": "1", "newCases": "117"}, {"province": "Hà Tĩnh", "cases": "1,380", "deaths": "5", "newCases": "10"}, {"province": "Quảng Trị", "cases": "1,319", "deaths": "4", "newCases": "31"}, {"province": "Thái Nguyên", "cases": "1,194", "deaths": "0", "newCases": "39"}, {"province": "Lạng Sơn", "cases": "962", "deaths": "2", "newCases": "95"}, {"province": "Hoà Bình", "cases": "878", "deaths": "3", "newCases": "34"}, {"province": "Tuyên Quang", "cases": "820", "deaths": "0", "newCases": "25"}, {"province": "Kon Tum", "cases": "555", "deaths": "0", "newCases": "4"}, {"province": "Sơn La", "cases": "528", "deaths": "0", "newCases": "25"}, {"province": "Điện Biên", "cases": "528", "deaths": "0", "newCases": "2"}, {"province": "Ninh Bình", "cases": "424", "deaths": "0", "newCases": "0"}, {"province": "Yên Bái", "cases": "413", "deaths": "0", "newCases": "4"}, {"province": "Lào Cai", "cases": "310", "deaths": "0", "newCases": "7"}, {"province": "Cao Bằng", "cases": "244", "deaths": "1", "newCases": "0"}, {"province": "Lai Châu", "cases": "45", "deaths": "0", "newCases": "1"}, {"province": "Bắc Kạn", "cases": "38", "deaths": "0", "newCases": "2"}]