[{"province": "Cả nước", "cases": "1,262,810", "deaths": "27,049", "newCases": "15,180"}, {"province": "TP. Hồ Chí Minh", "cases": "498,587", "deaths": "19,263", "newCases": "787"}, {"province": "Bình Dương", "cases": "289,776", "deaths": "3,130", "newCases": "118"}, {"province": "Đồng Nai", "cases": "96,031", "deaths": "1,217", "newCases": "232"}, {"province": "Tây Ninh", "cases": "68,418", "deaths": "571", "newCases": "949"}, {"province": "Long An", "cases": "39,944", "deaths": "856", "newCases": "60"}, {"province": "Đồng Tháp", "cases": "38,819", "deaths": "486", "newCases": "787"}, {"province": "Cần Thơ", "cases": "36,509", "deaths": "501", "newCases": "792"}, {"province": "Tiền Giang", "cases": "32,145", "deaths": "835", "newCases": "282"}, {"province": "Hà Nội", "cases": "31,147", "deaths": "85", "newCases": "1,774"}, {"province": "An Giang", "cases": "30,595", "deaths": "819", "newCases": "322"}, {"province": "Cà Mau", "cases": "29,318", "deaths": "115", "newCases": "1,167"}, {"province": "Sóc Trăng", "cases": "28,047", "deaths": "265", "newCases": "296"}, {"province": "Kiên Giang", "cases": "28,028", "deaths": "443", "newCases": "256"}, {"province": "Khánh Hòa", "cases": "26,901", "deaths": "149", "newCases": "797"}, {"province": "Bạc Liêu", "cases": "25,403", "deaths": "228", "newCases": "689"}, {"province": "Bà Rịa - Vũng Tàu", "cases": "25,195", "deaths": "127", "newCases": "344"}, {"province": "Vĩnh Long", "cases": "25,119", "deaths": "246", "newCases": "855"}, {"province": "Bình Thuận", "cases": "24,239", "deaths": "256", "newCases": "288"}, {"province": "Bến Tre", "cases": "23,926", "deaths": "131", "newCases": "436"}, {"province": "Bình Phước", "cases": "20,093", "deaths": "50", "newCases": "31"}, {"province": "Trà Vinh", "cases": "17,095", "deaths": "98", "newCases": "527"}, {"province": "Bình Định", "cases": "11,627", "deaths": "44", "newCases": "555"}, {"province": "Hậu Giang", "cases": "11,404", "deaths": "33", "newCases": "221"}, {"province": "Đà Nẵng", "cases": "10,484", "deaths": "108", "newCases": "195"}, {"province": "Đắk Lắk", "cases": "10,345", "deaths": "60", "newCases": "91"}, {"province": "Thừa Thiên Huế", "cases": "10,202", "deaths": "12", "newCases": "395"}, {"province": "Bắc Ninh", "cases": "9,106", "deaths": "17", "newCases": "226"}, {"province": "Bắc Giang", "cases": "7,472", "deaths": "14", "newCases": "34"}, {"province": "Nghệ An", "cases": "6,993", "deaths": "33", "newCases": "148"}, {"province": "Lâm Đồng", "cases": "6,804", "deaths": "23", "newCases": "251"}, {"province": "Hà Giang", "cases": "6,237", "deaths": "6", "newCases": "107"}, {"province": "Thanh Hóa", "cases": "6,062", "deaths": "13", "newCases": "306"}, {"province": "Gia Lai", "cases": "5,980", "deaths": "15", "newCases": "182"}, {"province": "Phú Yên", "cases": "5,502", "deaths": "44", "newCases": "134"}, {"province": "Ninh Thuận", "cases": "5,327", "deaths": "50", "newCases": "61"}, {"province": "Hải Phòng", "cases": "4,962", "deaths": "6", "newCases": "252"}, {"province": "Quảng Ngãi", "cases": "4,703", "deaths": "24", "newCases": "132"}, {"province": "Quảng Ngãi", "cases": "4,703", "deaths": "24", "newCases": "132"}, {"province": "Đắk Nông", "cases": "4,275", "deaths": "13", "newCases": "55"}, {"province": "Quảng Bình", "cases": "3,380", "deaths": "8", "newCases": "37"}, {"province": "Hưng Yên", "cases": "3,275", "deaths": "2", "newCases": "267"}, {"province": "Hải Dương", "cases": "2,674", "deaths": "1", "newCases": "59"}, {"province": "Phú Thọ", "cases": "2,631", "deaths": "3", "newCases": "51"}, {"province": "Nam Định", "cases": "2,604", "deaths": "2", "newCases": "83"}, {"province": "Vĩnh Phúc", "cases": "2,254", "deaths": "6", "newCases": "46"}, {"province": "Thái Bình", "cases": "2,242", "deaths": "0", "newCases": "39"}, {"province": "Quảng Ninh", "cases": "2,232", "deaths": "1", "newCases": "156"}, {"province": "Hà Nam", "cases": "1,792", "deaths": "0", "newCases": "42"}, {"province": "Quảng Trị", "cases": "1,575", "deaths": "4", "newCases": "83"}, {"province": "Hà Tĩnh", "cases": "1,499", "deaths": "5", "newCases": "28"}, {"province": "Thái Nguyên", "cases": "1,376", "deaths": "1", "newCases": "61"}, {"province": "Lạng Sơn", "cases": "1,257", "deaths": "3", "newCases": "37"}, {"province": "Hoà Bình", "cases": "1,069", "deaths": "3", "newCases": "34"}, {"province": "Tuyên Quang", "cases": "895", "deaths": "0", "newCases": "5"}, {"province": "Sơn La", "cases": "661", "deaths": "0", "newCases": "9"}, {"province": "Kon Tum", "cases": "623", "deaths": "0", "newCases": "12"}, {"province": "Điện Biên", "cases": "547", "deaths": "0", "newCases": "3"}, {"province": "Ninh Bình", "cases": "525", "deaths": "0", "newCases": "0"}, {"province": "Yên Bái", "cases": "492", "deaths": "0", "newCases": "16"}, {"province": "Lào Cai", "cases": "373", "deaths": "0", "newCases": "18"}, {"province": "Cao Bằng", "cases": "318", "deaths": "1", "newCases": "44"}, {"province": "Lai Châu", "cases": "55", "deaths": "0", "newCases": "3"}, {"province": "Bắc Kạn", "cases": "45", "deaths": "0", "newCases": "4"}]