[{"province": "An Giang", "abbreviation": "AG"}, {"province": "Bà Rịa – Vũng Tàu", "abbreviation": "BV"}, {"province": "Bạc Liêu", "abbreviation": "BL"}, {"province": "Bắc Kạn", "abbreviation": "BK"}, {"province": "Bắc Giang", "abbreviation": "BG"}, {"province": "Bắc Ninh", "abbreviation": "BN"}, {"province": "Bến Tre", "abbreviation": "BT"}, {"province": "Bình Dương", "abbreviation": "BD"}, {"province": "Bình Định", "abbreviation": "BĐ"}, {"province": "Bình Phước", "abbreviation": "BP"}, {"province": "Bình Thuận", "abbreviation": "BTh"}, {"province": "Cà Mau", "abbreviation": "CM"}, {"province": "Cao Bằng", "abbreviation": "CB"}, {"province": "Cần Thơ", "abbreviation": "CT"}, {"province": "Đà Nẵng", "abbreviation": "ĐNa"}, {"province": "Đắk Lắk", "abbreviation": "ĐL"}, {"province": "Đắk Nông", "abbreviation": "ĐNo"}, {"province": "Điện Biên", "abbreviation": "ĐB"}, {"province": "Đồng Nai", "abbreviation": "ĐN"}, {"province": "Đồng Tháp", "abbreviation": "ĐT"}, {"province": "Gia Lai", "abbreviation": "GL"}, {"province": "Hà Giang", "abbreviation": "HG"}, {"province": "Hà Nam", "abbreviation": "HNa"}, {"province": "Hà Nội", "abbreviation": "HN"}, {"province": "Hà Tĩnh", "abbreviation": "HT"}, {"province": "Hải Dương", "abbreviation": "HD"}, {"province": "Hải Phòng", "abbreviation": "HP"}, {"province": "Hậu Giang", "abbreviation": "HGi"}, {"province": "Hòa Bình", "abbreviation": "HB"}, {"province": "TP. Hồ Chí Minh", "abbreviation": "SG"}, {"province": "Hưng Yên", "abbreviation": "HY"}, {"province": "Khánh Hoà", "abbreviation": "KH"}, {"province": "Kiên Giang", "abbreviation": "KG"}, {"province": "Kon Tum", "abbreviation": "KT"}, {"province": "Lai Châu", "abbreviation": "LC"}, {"province": "Lạng Sơn", "abbreviation": "LS"}, {"province": "Lào Cai", "abbreviation": "LCa"}, {"province": "Lâm Đồng", "abbreviation": "LĐ"}, {"province": "Long An", "abbreviation": "LA"}, {"province": "Nam Định", "abbreviation": "NĐ"}, {"province": "Nghệ An", "abbreviation": "NA"}, {"province": "Ninh Bình", "abbreviation": "NB"}, {"province": "Ninh Thuận", "abbreviation": "NT"}, {"province": "Phú Thọ", "abbreviation": "PT"}, {"province": "Phú Yên", "abbreviation": "PY"}, {"province": "Quảng Bình", "abbreviation": "QB"}, {"province": "Quảng Nam", "abbreviation": "QNa"}, {"province": "Quảng Ngãi", "abbreviation": "QNg"}, {"province": "Quảng Ninh", "abbreviation": "QN"}, {"province": "Quảng Trị", "abbreviation": "QT"}, {"province": "Sóc Trăng", "abbreviation": "ST"}, {"province": "Sơn La", "abbreviation": "SL"}, {"province": "Tây Ninh", "abbreviation": "TN"}, {"province": "Thái Bình", "abbreviation": "TB"}, {"province": "Thái Nguyên", "abbreviation": "TNg"}, {"province": "Thanh Hóa", "abbreviation": "TH"}, {"province": "Thừa Thiên Huế", "abbreviation": "TTH"}, {"province": "Tiền Giang", "abbreviation": "TG"}, {"province": "Trà Vinh", "abbreviation": "TV"}, {"province": "Tuyên Quang", "abbreviation": "TQ"}, {"province": "Vĩnh Long", "abbreviation": "VL"}, {"province": "Vĩnh Phúc", "abbreviation": "VP"}]